N. Alumno,Forma
14635178,1
16207246,1
16624475,1
17206766,1
17624398,1
17624983,1
17626870,1
17638348,1
17638666,1
17638836,1
17640121,1
17640210,1
17641195,1
17641241,1
17641330,1
17641934,1
17642043,1
17642159,1
17653215,1
18624251,1
18636667,1
18636713,1
18637124,1
18637140,1
18641598,1
1662307J,1
1763783J,1
1864144J,1
13634372,2
15636453,2
16623975,2
16635795,2
16637143,2
16639200,2
16639537,2
17205670,2
17207118,2
17207274,2
17624177,2
17637287,2
17638240,2
17638550,2
17638607,2
17638879,2
17639719,2
17640016,2
17641454,2
17641667,2
17642647,2
18637442,2
18639925,2
18640788,2
18641571,2
18642578,2
1763671J,2
1763850J,2
15622932,3
16624270,3
16637925,3
17205735,3
17206782,3
17206901,3
17207185,3
17624789,3
17638194,3
17638488,3
17639379,3
17640350,3
17640466,3
17640644,3
17640741,3
17641012,3
17641705,3
17643244,3
18636926,3
18638104,3
18638791,3
18639224,3
18641407,3
18641822,3
1762441J,3
1763668J,3
1763847J,3